Date;Filière;Valeur (Mt);Nature
2017-01; Émissions liées aux importations*;0,619114935;Émissions sur le cycle de vie
2017-02; Émissions liées aux importations*;0,011287274;Émissions sur le cycle de vie
2017-03; Émissions liées aux importations*;0,000390315;Émissions sur le cycle de vie
2017-04; Émissions liées aux importations*;0,000997093;Émissions sur le cycle de vie
2017-05; Émissions liées aux importations*;;Émissions sur le cycle de vie
2017-06; Émissions liées aux importations*;0,006254876;Émissions sur le cycle de vie
2017-07; Émissions liées aux importations*;0,000280792;Émissions sur le cycle de vie
2017-08; Émissions liées aux importations*;;Émissions sur le cycle de vie
2017-09; Émissions liées aux importations*;;Émissions sur le cycle de vie
2017-10; Émissions liées aux importations*;0,04049242;Émissions sur le cycle de vie
2017-11; Émissions liées aux importations*;0,549106441;Émissions sur le cycle de vie
2017-12; Émissions liées aux importations*;0,271481976;Émissions sur le cycle de vie
2018-01; Émissions liées aux importations*;0,000413807;Émissions sur le cycle de vie
2018-02; Émissions liées aux importations*;0,096509311;Émissions sur le cycle de vie
2018-03; Émissions liées aux importations*;0,036854861;Émissions sur le cycle de vie
2018-04; Émissions liées aux importations*;0,001744877;Émissions sur le cycle de vie
2018-05; Émissions liées aux importations*;0,001255156;Émissions sur le cycle de vie
2018-06; Émissions liées aux importations*;;Émissions sur le cycle de vie
2018-07; Émissions liées aux importations*;;Émissions sur le cycle de vie
2018-08; Émissions liées aux importations*;0,002742967;Émissions sur le cycle de vie
2018-09; Émissions liées aux importations*;0,000196606;Émissions sur le cycle de vie
2018-10; Émissions liées aux importations*;0,011511601;Émissions sur le cycle de vie
2018-11; Émissions liées aux importations*;0,161692648;Émissions sur le cycle de vie
2018-12; Émissions liées aux importations*;0,017132431;Émissions sur le cycle de vie
2019-01; Émissions liées aux importations*;0,155402918;Émissions sur le cycle de vie
2019-02; Émissions liées aux importations*;0,005295898;Émissions sur le cycle de vie
2019-03; Émissions liées aux importations*;0,000568212;Émissions sur le cycle de vie
2019-04; Émissions liées aux importations*;0,006586056;Émissions sur le cycle de vie
2019-05; Émissions liées aux importations*;;Émissions sur le cycle de vie
2019-06; Émissions liées aux importations*;0,000462043;Émissions sur le cycle de vie
2019-07; Émissions liées aux importations*;0,007183583;Émissions sur le cycle de vie
2019-08; Émissions liées aux importations*;0,000104904;Émissions sur le cycle de vie
2019-09; Émissions liées aux importations*;;Émissions sur le cycle de vie
2019-10; Émissions liées aux importations*;0,005587813;Émissions sur le cycle de vie
2019-11; Émissions liées aux importations*;0,249030474;Émissions sur le cycle de vie
2019-12; Émissions liées aux importations*;0,105353851;Émissions sur le cycle de vie
2020-01; Émissions liées aux importations*;0,016559474;Émissions sur le cycle de vie
2020-02; Émissions liées aux importations*;;Émissions sur le cycle de vie
2020-03; Émissions liées aux importations*;0,00163223;Émissions sur le cycle de vie
2020-04; Émissions liées aux importations*;0,005914177;Émissions sur le cycle de vie
2020-05; Émissions liées aux importations*;0,000911263;Émissions sur le cycle de vie
2020-06; Émissions liées aux importations*;0,017008887;Émissions sur le cycle de vie
2020-07; Émissions liées aux importations*;0,047973791;Émissions sur le cycle de vie
2020-08; Émissions liées aux importations*;0,047530354;Émissions sur le cycle de vie
2020-09; Émissions liées aux importations*;0,268631985;Émissions sur le cycle de vie
2020-10; Émissions liées aux importations*;0,028380267;Émissions sur le cycle de vie
2020-11; Émissions liées aux importations*;0,012636738;Émissions sur le cycle de vie
2020-12; Émissions liées aux importations*;0,132232205;Émissions sur le cycle de vie
2021-01; Émissions liées aux importations*;0,18391499;Émissions sur le cycle de vie
2021-02; Émissions liées aux importations*;0,059153991;Émissions sur le cycle de vie
2021-03; Émissions liées aux importations*;0,019625374;Émissions sur le cycle de vie
2021-04; Émissions liées aux importations*;0,117810181;Émissions sur le cycle de vie
2021-05; Émissions liées aux importations*;0,01532208;Émissions sur le cycle de vie
2021-06; Émissions liées aux importations*;;Émissions sur le cycle de vie
2021-07; Émissions liées aux importations*;;Émissions sur le cycle de vie
2021-08; Émissions liées aux importations*;;Émissions sur le cycle de vie
2021-09; Émissions liées aux importations*;;Émissions sur le cycle de vie
2021-10; Émissions liées aux importations*;0,002505531;Émissions sur le cycle de vie
2021-11; Émissions liées aux importations*;0,358204325;Émissions sur le cycle de vie
2021-12; Émissions liées aux importations*;0,600796039;Émissions sur le cycle de vie
2022-01; Émissions liées aux importations*;0,404154586;Émissions sur le cycle de vie
2022-02; Émissions liées aux importations*;0,043176622;Émissions sur le cycle de vie
2022-03; Émissions liées aux importations*;0,337056052;Émissions sur le cycle de vie
2022-04; Émissions liées aux importations*;0,320177935;Émissions sur le cycle de vie
2022-05; Émissions liées aux importations*;0,085215546;Émissions sur le cycle de vie
2022-06; Émissions liées aux importations*;0,277178784;Émissions sur le cycle de vie
2022-07; Émissions liées aux importations*;0,488148768;Émissions sur le cycle de vie
2022-08; Émissions liées aux importations*;0,606943615;Émissions sur le cycle de vie
2022-09; Émissions liées aux importations*;0,652832278;Émissions sur le cycle de vie
2022-10; Émissions liées aux importations*;0,295211593;Émissions sur le cycle de vie
2022-11; Émissions liées aux importations*;0,375129725;Émissions sur le cycle de vie
2022-12; Émissions liées aux importations*;0,860160743;Émissions sur le cycle de vie
2023-01; Émissions liées aux importations*;0,236776541;Émissions sur le cycle de vie
2023-02; Émissions liées aux importations*;0,096467206;Émissions sur le cycle de vie
2023-03; Émissions liées aux importations*;0,266506535;Émissions sur le cycle de vie
2023-04; Émissions liées aux importations*;0,046007177;Émissions sur le cycle de vie
2023-05; Émissions liées aux importations*;0,000845313;Émissions sur le cycle de vie
2023-06; Émissions liées aux importations*;0,003194542;Émissions sur le cycle de vie
2023-07; Émissions liées aux importations*;0,006190617;Émissions sur le cycle de vie
2023-08; Émissions liées aux importations*;0,005372271;Émissions sur le cycle de vie
2023-09; Émissions liées aux importations*;0,00040609;Émissions sur le cycle de vie
2023-10; Émissions liées aux importations*;;Émissions sur le cycle de vie
2023-11; Émissions liées aux importations*;0,013672404;Émissions sur le cycle de vie
2023-12; Émissions liées aux importations*;0,011279512;Émissions sur le cycle de vie
2024-01; Émissions liées aux importations*;0,432241894;Émissions sur le cycle de vie
2024-02; Émissions liées aux importations*;0,198887872;Émissions sur le cycle de vie
2024-03; Émissions liées aux importations*;0,1425619;Émissions sur le cycle de vie
2024-04; Émissions liées aux importations*;0,136454015;Émissions sur le cycle de vie
2024-05; Émissions liées aux importations*;0,069206688;Émissions sur le cycle de vie
2024-06; Émissions liées aux importations*;0,045409104;Émissions sur le cycle de vie
2024-07; Émissions liées aux importations*;0,051582907;Émissions sur le cycle de vie
2024-08; Émissions liées aux importations*;0,058681717;Émissions sur le cycle de vie
2024-09; Émissions liées aux importations*;0,047715783;Émissions sur le cycle de vie
2024-10; Émissions liées aux importations*;0,050165485;Émissions sur le cycle de vie
2024-11; Émissions liées aux importations*;0,142573359;Émissions sur le cycle de vie
2024-12; Émissions liées aux importations*;0,002158044;Émissions sur le cycle de vie
2025-01; Émissions liées aux importations*;0,002904516;Émissions sur le cycle de vie
2025-02; Émissions liées aux importations*;0,003561456;Émissions sur le cycle de vie
2025-03; Émissions liées aux importations*;0,010904773;Émissions sur le cycle de vie
2025-04; Émissions liées aux importations*;0,02576802;Émissions sur le cycle de vie
2025-05; Émissions liées aux importations*;0,00166833;Émissions sur le cycle de vie
2025-06; Émissions liées aux importations*;0,003473646;Émissions sur le cycle de vie
2017-01; Émissions de la production en France*;5,34655971;Émissions sur le cycle de vie
2017-02; Émissions de la production en France*;3,498971985;Émissions sur le cycle de vie
2017-03; Émissions de la production en France*;2,714269345;Émissions sur le cycle de vie
2017-04; Émissions de la production en France*;2,011176122;Émissions sur le cycle de vie
2017-05; Émissions de la production en France*;1,555436208;Émissions sur le cycle de vie
2017-06; Émissions de la production en France*;1,416512779;Émissions sur le cycle de vie
2017-07; Émissions de la production en France*;1,962302388;Émissions sur le cycle de vie
2017-08; Émissions de la production en France*;1,234579218;Émissions sur le cycle de vie
2017-09; Émissions de la production en France*;1,550046683;Émissions sur le cycle de vie
2017-10; Émissions de la production en France*;3,121844912;Émissions sur le cycle de vie
2017-11; Émissions de la production en France*;4,324292299;Émissions sur le cycle de vie
2017-12; Émissions de la production en France*;3,678318921;Émissions sur le cycle de vie
2018-01; Émissions de la production en France*;2,236743412;Émissions sur le cycle de vie
2018-02; Émissions de la production en France*;3,681013429;Émissions sur le cycle de vie
2018-03; Émissions de la production en France*;3,074964662;Émissions sur le cycle de vie
2018-04; Émissions de la production en France*;1,051776727;Émissions sur le cycle de vie
2018-05; Émissions de la production en France*;0,831506121;Émissions sur le cycle de vie
2018-06; Émissions de la production en France*;0,852065461;Émissions sur le cycle de vie
2018-07; Émissions de la production en France*;1,660571417;Émissions sur le cycle de vie
2018-08; Émissions de la production en France*;1,565778128;Émissions sur le cycle de vie
2018-09; Émissions de la production en France*;1,348922678;Émissions sur le cycle de vie
2018-10; Émissions de la production en France*;2,200738502;Émissions sur le cycle de vie
2018-11; Émissions de la production en France*;3,161652788;Émissions sur le cycle de vie
2018-12; Émissions de la production en France*;2,529221637;Émissions sur le cycle de vie
2019-01; Émissions de la production en France*;3,690692979;Émissions sur le cycle de vie
2019-02; Émissions de la production en France*;2,637599057;Émissions sur le cycle de vie
2019-03; Émissions de la production en France*;1,968657698;Émissions sur le cycle de vie
2019-04; Émissions de la production en France*;1,387969323;Émissions sur le cycle de vie
2019-05; Émissions de la production en France*;1,163394568;Émissions sur le cycle de vie
2019-06; Émissions de la production en France*;0,970414934;Émissions sur le cycle de vie
2019-07; Émissions de la production en France*;1,367465311;Émissions sur le cycle de vie
2019-08; Émissions de la production en France*;1,145856045;Émissions sur le cycle de vie
2019-09; Émissions de la production en France*;1,454540037;Émissions sur le cycle de vie
2019-10; Émissions de la production en France*;1,67740094;Émissions sur le cycle de vie
2019-11; Émissions de la production en France*;3,168214704;Émissions sur le cycle de vie
2019-12; Émissions de la production en France*;2,520931487;Émissions sur le cycle de vie
2020-01; Émissions de la production en France*;2,988437382;Émissions sur le cycle de vie
2020-02; Émissions de la production en France*;2,20300694;Émissions sur le cycle de vie
2020-03; Émissions de la production en France*;2,059477707;Émissions sur le cycle de vie
2020-04; Émissions de la production en France*;0,684377147;Émissions sur le cycle de vie
2020-05; Émissions de la production en France*;0,894305854;Émissions sur le cycle de vie
2020-06; Émissions de la production en France*;1,261118897;Émissions sur le cycle de vie
2020-07; Émissions de la production en France*;1,574408979;Émissions sur le cycle de vie
2020-08; Émissions de la production en France*;1,403429429;Émissions sur le cycle de vie
2020-09; Émissions de la production en France*;1,71380026;Émissions sur le cycle de vie
2020-10; Émissions de la production en France*;1,509507121;Émissions sur le cycle de vie
2020-11; Émissions de la production en France*;2,399947644;Émissions sur le cycle de vie
2020-12; Émissions de la production en France*;2,814317538;Émissions sur le cycle de vie
2021-01; Émissions de la production en France*;3,53406041;Émissions sur le cycle de vie
2021-02; Émissions de la production en France*;2,458656724;Émissions sur le cycle de vie
2021-03; Émissions de la production en France*;2,466832581;Émissions sur le cycle de vie
2021-04; Émissions de la production en France*;1,81947723;Émissions sur le cycle de vie
2021-05; Émissions de la production en France*;0,989222453;Émissions sur le cycle de vie
2021-06; Émissions de la production en France*;1,03449952;Émissions sur le cycle de vie
2021-07; Émissions de la production en France*;1,072820165;Émissions sur le cycle de vie
2021-08; Émissions de la production en France*;0,843229553;Émissions sur le cycle de vie
2021-09; Émissions de la production en France*;1,472666909;Émissions sur le cycle de vie
2021-10; Émissions de la production en France*;1,789157802;Émissions sur le cycle de vie
2021-11; Émissions de la production en France*;3,41103357;Émissions sur le cycle de vie
2021-12; Émissions de la production en France*;3,426033435;Émissions sur le cycle de vie
2022-01; Émissions de la production en France*;3,986474869;Émissions sur le cycle de vie
2022-02; Émissions de la production en France*;2,952176685;Émissions sur le cycle de vie
2022-03; Émissions de la production en France*;3,189754905;Émissions sur le cycle de vie
2022-04; Émissions de la production en France*;2,083794296;Émissions sur le cycle de vie
2022-05; Émissions de la production en France*;1,7720908;Émissions sur le cycle de vie
2022-06; Émissions de la production en France*;1,585924437;Émissions sur le cycle de vie
2022-07; Émissions de la production en France*;1,969794298;Émissions sur le cycle de vie
2022-08; Émissions de la production en France*;1,810182337;Émissions sur le cycle de vie
2022-09; Émissions de la production en France*;1,875297877;Émissions sur le cycle de vie
2022-10; Émissions de la production en France*;2,060500903;Émissions sur le cycle de vie
2022-11; Émissions de la production en France*;2,748069269;Émissions sur le cycle de vie
2022-12; Émissions de la production en France*;3,621564854;Émissions sur le cycle de vie
2023-01; Émissions de la production en France*;2,73570995;Émissions sur le cycle de vie
2023-02; Émissions de la production en France*;2,894442986;Émissions sur le cycle de vie
2023-03; Émissions de la production en France*;2,376600156;Émissions sur le cycle de vie
2023-04; Émissions de la production en France*;1,35439244;Émissions sur le cycle de vie
2023-05; Émissions de la production en France*;1,020846586;Émissions sur le cycle de vie
2023-06; Émissions de la production en France*;1,127597683;Émissions sur le cycle de vie
2023-07; Émissions de la production en France*;1,260929495;Émissions sur le cycle de vie
2023-08; Émissions de la production en France*;1,258019955;Émissions sur le cycle de vie
2023-09; Émissions de la production en France*;1,046452292;Émissions sur le cycle de vie
2023-10; Émissions de la production en France*;0,973850651;Émissions sur le cycle de vie
2023-11; Émissions de la production en France*;1,826259342;Émissions sur le cycle de vie
2023-12; Émissions de la production en France*;2,107703394;Émissions sur le cycle de vie
2024-01; Émissions de la production en France*;2,199986591;Émissions sur le cycle de vie
2024-02; Émissions de la production en France*;1,548906028;Émissions sur le cycle de vie
2024-03; Émissions de la production en France*;1,441981779;Émissions sur le cycle de vie
2024-04; Émissions de la production en France*;0,690850174;Émissions sur le cycle de vie
2024-05; Émissions de la production en France*;0,557462113;Émissions sur le cycle de vie
2024-06; Émissions de la production en France*;0,59519822;Émissions sur le cycle de vie
2024-07; Émissions de la production en France*;0,725645325;Émissions sur le cycle de vie
2024-08; Émissions de la production en France*;0,711980131;Émissions sur le cycle de vie
2024-09; Émissions de la production en France*;0,746432501;Émissions sur le cycle de vie
2024-10; Émissions de la production en France*;0,697900867;Émissions sur le cycle de vie
2024-11; Émissions de la production en France*;1,600173378;Émissions sur le cycle de vie
2024-12; Émissions de la production en France*;1,752503673;Émissions sur le cycle de vie
2025-01; Émissions de la production en France*;1,91808248;Émissions sur le cycle de vie
2025-02; Émissions de la production en France*;1,714538564;Émissions sur le cycle de vie
2025-03; Émissions de la production en France*;1,307698194;Émissions sur le cycle de vie
2025-04; Émissions de la production en France*;0,63208513;Émissions sur le cycle de vie
2025-05; Émissions de la production en France*;0,509931674;Émissions sur le cycle de vie
2025-06; Émissions de la production en France*;0,636903453;Émissions sur le cycle de vie
2017-01; Émissions liées aux importations*;0,556759128;Émissions directes
2017-02; Émissions liées aux importations*;0,010077151;Émissions directes
2017-03; Émissions liées aux importations*;0,000347326;Émissions directes
2017-04; Émissions liées aux importations*;0,000837397;Émissions directes
2017-05; Émissions liées aux importations*;;Émissions directes
2017-06; Émissions liées aux importations*;0,005530408;Émissions directes
2017-07; Émissions liées aux importations*;0,000247044;Émissions directes
2017-08; Émissions liées aux importations*;;Émissions directes
2017-09; Émissions liées aux importations*;;Émissions directes
2017-10; Émissions liées aux importations*;0,036639538;Émissions directes
2017-11; Émissions liées aux importations*;0,493575558;Émissions directes
2017-12; Émissions liées aux importations*;0,244536498;Émissions directes
2018-01; Émissions liées aux importations*;0,000367916;Émissions directes
2018-02; Émissions liées aux importations*;0,086477103;Émissions directes
2018-03; Émissions liées aux importations*;0,032785462;Émissions directes
2018-04; Émissions liées aux importations*;0,001556245;Émissions directes
2018-05; Émissions liées aux importations*;0,001028581;Émissions directes
2018-06; Émissions liées aux importations*;;Émissions directes
2018-07; Émissions liées aux importations*;;Émissions directes
2018-08; Émissions liées aux importations*;0,00243334;Émissions directes
2018-09; Émissions liées aux importations*;0,000175042;Émissions directes
2018-10; Émissions liées aux importations*;0,010162461;Émissions directes
2018-11; Émissions liées aux importations*;0,143470946;Émissions directes
2018-12; Émissions liées aux importations*;0,015266706;Émissions directes
2019-01; Émissions liées aux importations*;0,138335508;Émissions directes
2019-02; Émissions liées aux importations*;0,004770802;Émissions directes
2019-03; Émissions liées aux importations*;0,000456774;Émissions directes
2019-04; Émissions liées aux importations*;0,005750628;Émissions directes
2019-05; Émissions liées aux importations*;;Émissions directes
2019-06; Émissions liées aux importations*;0,000355894;Émissions directes
2019-07; Émissions liées aux importations*;0,006119407;Émissions directes
2019-08; Émissions liées aux importations*;8,90E-05;Émissions directes
2019-09; Émissions liées aux importations*;;Émissions directes
2019-10; Émissions liées aux importations*;0,004904146;Émissions directes
2019-11; Émissions liées aux importations*;0,22300301;Émissions directes
2019-12; Émissions liées aux importations*;0,093698546;Émissions directes
2020-01; Émissions liées aux importations*;0,014550765;Émissions directes
2020-02; Émissions liées aux importations*;;Émissions directes
2020-03; Émissions liées aux importations*;0,001424241;Émissions directes
2020-04; Émissions liées aux importations*;0,004963866;Émissions directes
2020-05; Émissions liées aux importations*;0,00072565;Émissions directes
2020-06; Émissions liées aux importations*;0,014123208;Émissions directes
2020-07; Émissions liées aux importations*;0,040633053;Émissions directes
2020-08; Émissions liées aux importations*;0,040952893;Émissions directes
2020-09; Émissions liées aux importations*;0,231879656;Émissions directes
2020-10; Émissions liées aux importations*;0,024441543;Émissions directes
2020-11; Émissions liées aux importations*;0,011196173;Émissions directes
2020-12; Émissions liées aux importations*;0,1167247;Émissions directes
2021-01; Émissions liées aux importations*;0,165202158;Émissions directes
2021-02; Émissions liées aux importations*;0,052618152;Émissions directes
2021-03; Émissions liées aux importations*;0,017479974;Émissions directes
2021-04; Émissions liées aux importations*;0,10336925;Émissions directes
2021-05; Émissions liées aux importations*;0,013511479;Émissions directes
2021-06; Émissions liées aux importations*;;Émissions directes
2021-07; Émissions liées aux importations*;;Émissions directes
2021-08; Émissions liées aux importations*;;Émissions directes
2021-09; Émissions liées aux importations*;;Émissions directes
2021-10; Émissions liées aux importations*;0,002220017;Émissions directes
2021-11; Émissions liées aux importations*;0,318928776;Émissions directes
2021-12; Émissions liées aux importations*;0,535135954;Émissions directes
2022-01; Émissions liées aux importations*;0,358465177;Émissions directes
2022-02; Émissions liées aux importations*;0,03874074;Émissions directes
2022-03; Émissions liées aux importations*;0,299062919;Émissions directes
2022-04; Émissions liées aux importations*;0,28305603;Émissions directes
2022-05; Émissions liées aux importations*;0,075410813;Émissions directes
2022-06; Émissions liées aux importations*;0,249664747;Émissions directes
2022-07; Émissions liées aux importations*;0,435744647;Émissions directes
2022-08; Émissions liées aux importations*;0,540758873;Émissions directes
2022-09; Émissions liées aux importations*;0,586285349;Émissions directes
2022-10; Émissions liées aux importations*;0,265456944;Émissions directes
2022-11; Émissions liées aux importations*;0,339864322;Émissions directes
2022-12; Émissions liées aux importations*;0,774248577;Émissions directes
2023-01; Émissions liées aux importations*;0,211664508;Émissions directes
2023-02; Émissions liées aux importations*;0,086126902;Émissions directes
2023-03; Émissions liées aux importations*;0,238262218;Émissions directes
2023-04; Émissions liées aux importations*;0,040468659;Émissions directes
2023-05; Émissions liées aux importations*;0,000757607;Émissions directes
2023-06; Émissions liées aux importations*;0,002741122;Émissions directes
2023-07; Émissions liées aux importations*;0,005437278;Émissions directes
2023-08; Émissions liées aux importations*;0,00477858;Émissions directes
2023-09; Émissions liées aux importations*;0,000372371;Émissions directes
2023-10; Émissions liées aux importations*;;Émissions directes
2023-11; Émissions liées aux importations*;0,012193188;Émissions directes
2023-12; Émissions liées aux importations*;0,010082942;Émissions directes
2024-01; Émissions liées aux importations*;0,38994557;Émissions directes
2024-02; Émissions liées aux importations*;0,171413627;Émissions directes
2024-03; Émissions liées aux importations*;0,12083757;Émissions directes
2024-04; Émissions liées aux importations*;0,108790492;Émissions directes
2024-05; Émissions liées aux importations*;0,053721904;Émissions directes
2024-06; Émissions liées aux importations*;0,03479277;Émissions directes
2024-07; Émissions liées aux importations*;0,038940082;Émissions directes
2024-08; Émissions liées aux importations*;0,045401595;Émissions directes
2024-09; Émissions liées aux importations*;0,037407901;Émissions directes
2024-10; Émissions liées aux importations*;0,041356083;Émissions directes
2024-11; Émissions liées aux importations*;0,127240828;Émissions directes
2024-12; Émissions liées aux importations*;0,001906678;Émissions directes
2025-01; Émissions liées aux importations*;0,00237938;Émissions directes
2025-02; Émissions liées aux importations*;0,003039477;Émissions directes
2025-03; Émissions liées aux importations*;0,009099248;Émissions directes
2025-04; Émissions liées aux importations*;0,020960052;Émissions directes
2025-05; Émissions liées aux importations*;0,001307929;Émissions directes
2025-06; Émissions liées aux importations*;0,00263866;Émissions directes
2017-01; Émissions de la production en France*;4,390851701;Émissions directes
2017-02; Émissions de la production en France*;2,830705129;Émissions directes
2017-03; Émissions de la production en France*;2,127379977;Émissions directes
2017-04; Émissions de la production en France*;1,554356798;Émissions directes
2017-05; Émissions de la production en France*;1,172509124;Émissions directes
2017-06; Émissions de la production en France*;1,062284504;Émissions directes
2017-07; Émissions de la production en France*;1,581261573;Émissions directes
2017-08; Émissions de la production en France*;0,927014888;Émissions directes
2017-09; Émissions de la production en France*;1,210246547;Émissions directes
2017-10; Émissions de la production en France*;2,560281962;Émissions directes
2017-11; Émissions de la production en France*;3,599227471;Émissions directes
2017-12; Émissions de la production en France*;2,955508642;Émissions directes
2018-01; Émissions de la production en France*;1,648085758;Émissions directes
2018-02; Émissions de la production en France*;2,919684904;Émissions directes
2018-03; Émissions de la production en France*;2,40528251;Émissions directes
2018-04; Émissions de la production en France*;0,678834795;Émissions directes
2018-05; Émissions de la production en France*;0,532996512;Émissions directes
2018-06; Émissions de la production en France*;0,570527535;Émissions directes
2018-07; Émissions de la production en France*;1,276988335;Émissions directes
2018-08; Émissions de la production en France*;1,213257489;Émissions directes
2018-09; Émissions de la production en France*;0,990960888;Émissions directes
2018-10; Émissions de la production en France*;1,71416328;Émissions directes
2018-11; Émissions de la production en France*;2,522559871;Émissions directes
2018-12; Émissions de la production en France*;1,928775759;Émissions directes
2019-01; Émissions de la production en France*;2,89891029;Émissions directes
2019-02; Émissions de la production en France*;2,023456866;Émissions directes
2019-03; Émissions de la production en France*;1,434469973;Émissions directes
2019-04; Émissions de la production en France*;0,957992593;Émissions directes
2019-05; Émissions de la production en France*;0,794502729;Émissions directes
2019-06; Émissions de la production en France*;0,657196085;Émissions directes
2019-07; Émissions de la production en France*;1,005249069;Émissions directes
2019-08; Émissions de la production en France*;0,834315717;Émissions directes
2019-09; Émissions de la production en France*;1,065929036;Émissions directes
2019-10; Émissions de la production en France*;1,224980741;Émissions directes
2019-11; Émissions de la production en France*;2,520244149;Émissions directes
2019-12; Émissions de la production en France*;1,911381738;Émissions directes
2020-01; Émissions de la production en France*;2,278302949;Émissions directes
2020-02; Émissions de la production en France*;1,607280097;Émissions directes
2020-03; Émissions de la production en France*;1,525571221;Émissions directes
2020-04; Émissions de la production en France*;0,405411313;Émissions directes
2020-05; Émissions de la production en France*;0,586499298;Émissions directes
2020-06; Émissions de la production en France*;0,927259792;Émissions directes
2020-07; Émissions de la production en France*;1,194189362;Émissions directes
2020-08; Émissions de la production en France*;1,057003187;Émissions directes
2020-09; Émissions de la production en France*;1,328018658;Émissions directes
2020-10; Émissions de la production en France*;1,045480861;Émissions directes
2020-11; Émissions de la production en France*;1,827510207;Émissions directes
2020-12; Émissions de la production en France*;2,161296855;Émissions directes
2021-01; Émissions de la production en France*;2,760319807;Émissions directes
2021-02; Émissions de la production en France*;1,858410743;Émissions directes
2021-03; Émissions de la production en France*;1,86606554;Émissions directes
2021-04; Émissions de la production en France*;1,333842353;Émissions directes
2021-05; Émissions de la production en France*;0,612733004;Émissions directes
2021-06; Émissions de la production en France*;0,67966816;Émissions directes
2021-07; Émissions de la production en France*;0,724619427;Émissions directes
2021-08; Émissions de la production en France*;0,534686103;Émissions directes
2021-09; Émissions de la production en France*;1,094283758;Émissions directes
2021-10; Émissions de la production en France*;1,320583357;Émissions directes
2021-11; Émissions de la production en France*;2,725200976;Émissions directes
2021-12; Émissions de la production en France*;2,702324292;Émissions directes
2022-01; Émissions de la production en France*;3,169384093;Émissions directes
2022-02; Émissions de la production en France*;2,291974588;Émissions directes
2022-03; Émissions de la production en France*;2,53791225;Émissions directes
2022-04; Émissions de la production en France*;1,559096479;Émissions directes
2022-05; Émissions de la production en France*;1,338445339;Émissions directes
2022-06; Émissions de la production en France*;1,183696452;Émissions directes
2022-07; Émissions de la production en France*;1,540883001;Émissions directes
2022-08; Émissions de la production en France*;1,412173033;Émissions directes
2022-09; Émissions de la production en France*;1,468474074;Émissions directes
2022-10; Émissions de la production en France*;1,611359118;Émissions directes
2022-11; Émissions de la production en France*;2,186359255;Émissions directes
2022-12; Émissions de la production en France*;2,909525348;Émissions directes
2023-01; Émissions de la production en France*;2,087841426;Émissions directes
2023-02; Émissions de la production en France*;2,271070512;Émissions directes
2023-03; Émissions de la production en France*;1,788463675;Émissions directes
2023-04; Émissions de la production en France*;0,915397067;Émissions directes
2023-05; Émissions de la production en France*;0,657417189;Émissions directes
2023-06; Émissions de la production en France*;0,764170428;Émissions directes
2023-07; Émissions de la production en France*;0,883595512;Émissions directes
2023-08; Émissions de la production en France*;0,876882415;Émissions directes
2023-09; Émissions de la production en France*;0,683029293;Émissions directes
2023-10; Émissions de la production en France*;0,607949922;Émissions directes
2023-11; Émissions de la production en France*;1,295680345;Émissions directes
2023-12; Émissions de la production en France*;1,503448346;Émissions directes
2024-01; Émissions de la production en France*;1,70294547;Émissions directes
2024-02; Émissions de la production en France*;1,175455029;Émissions directes
2024-03; Émissions de la production en France*;1,076545176;Émissions directes
2024-04; Émissions de la production en France*;0,425360027;Émissions directes
2024-05; Émissions de la production en France*;0,333413163;Émissions directes
2024-06; Émissions de la production en France*;0,359770441;Émissions directes
2024-07; Émissions de la production en France*;0,476401784;Émissions directes
2024-08; Émissions de la production en France*;0,469821008;Émissions directes
2024-09; Émissions de la production en France*;0,496227842;Émissions directes
2024-10; Émissions de la production en France*;0,459336211;Émissions directes
2024-11; Émissions de la production en France*;1,232316892;Émissions directes
2024-12; Émissions de la production en France*;1,332093342;Émissions directes
2025-01; Émissions de la production en France*;1,541141867;Émissions directes
2025-02; Émissions de la production en France*;1,412838942;Émissions directes
2025-03; Émissions de la production en France*;1,010790437;Émissions directes
2025-04; Émissions de la production en France*;0,413555402;Émissions directes
2025-05; Émissions de la production en France*;0,30801265;Émissions directes
2025-06; Émissions de la production en France*;0,436817421;Émissions directes
